time,duration,string,fret,finger,finger_name
0.000000,0.15,5,6,4,Pinky
0.150000,0.15,4,6,4,Pinky
0.300000,0.15,3,4,3,Ring
0.450000,0.15,4,6,4,Pinky
0.600000,0.09999999999999999,3,4,3,Ring
0.700000,0.09999999999999999,3,6,2,Middle
0.800000,0.09999999999999999,3,4,1,Pointer
0.900000,0.15,4,6,2,Middle
1.050000,0.15,3,4,3,Ring
1.200000,0.15,5,7,4,Pinky
1.350000,0.15,4,6,2,Middle
1.500000,0.15,3,4,3,Ring
1.650000,0.15,4,6,2,Middle
1.800000,0.09999999999999999,3,4,1,Pointer
1.900000,0.09999999999999999,3,6,2,Middle
2.000000,0.09999999999999999,3,4,3,Ring
2.100000,0.15,4,6,2,Middle
2.250000,0.15,3,4,1,Pointer
2.400000,0.15,6,7,4,Pinky
2.550000,0.15,5,6,2,Middle
2.700000,0.15,4,4,1,Pointer
2.850000,0.15,5,6,2,Middle
3.000000,0.09999999999999999,4,4,1,Pointer
3.100000,0.09999999999999999,4,6,2,Middle
3.200000,0.09999999999999999,4,4,1,Pointer
3.300000,0.15,5,6,2,Middle
3.450000,0.15,4,4,1,Pointer
3.600000,0.15,5,9,4,Pinky
3.750000,0.15,4,8,3,Ring
3.900000,0.15,3,6,2,Middle
4.050000,0.15,4,8,3,Ring
4.200000,0.09999999999999999,3,6,2,Middle
4.300000,0.09999999999999999,3,8,3,Ring
4.400000,0.09999999999999999,3,6,2,Middle
4.500000,0.15,4,8,3,Ring
4.650000,0.15,3,6,2,Middle
4.800000,0.15,5,6,2,Middle
4.950000,0.15,4,6,2,Middle
5.100000,0.15,3,4,1,Pointer
5.250000,0.15,4,6,2,Middle
5.400000,0.09999999999999999,3,4,1,Pointer
5.500000,0.09999999999999999,3,6,2,Middle
5.600000,0.09999999999999999,3,4,1,Pointer
5.700000,0.15,4,6,2,Middle
5.850000,0.15,3,4,1,Pointer
6.000000,0.15,5,7,3,Ring
6.150000,0.15,4,6,2,Middle
6.300000,0.15,3,4,1,Pointer
6.450000,0.15,4,6,2,Middle
6.600000,0.09999999999999999,3,4,1,Pointer
6.700000,0.09999999999999999,3,6,2,Middle
6.800000,0.09999999999999999,3,4,1,Pointer
6.900000,0.15,4,6,2,Middle
7.050000,0.15,3,4,1,Pointer
7.200000,0.15,6,7,3,Ring
7.350000,0.15,5,6,2,Middle
7.500000,0.15,4,4,1,Pointer
7.650000,0.15,5,6,2,Middle
7.800000,0.09999999999999999,4,4,1,Pointer
7.900000,0.09999999999999999,4,6,2,Middle
8.000000,0.09999999999999999,4,4,1,Pointer
8.100000,0.15,5,6,2,Middle
8.250000,0.15,4,4,1,Pointer
8.400000,0.15,6,6,2,Middle
8.550000,0.15,5,4,1,Pointer
8.700000,0.15,4,4,1,Pointer
8.850000,0.15,5,4,1,Pointer
9.000000,0.09999999999999999,4,4,1,Pointer
9.100000,0.09999999999999999,4,6,2,Middle
9.200000,0.09999999999999999,4,4,1,Pointer
9.300000,0.15,5,4,1,Pointer
9.450000,0.15,4,4,1,Pointer
9.600000,0.15,5,6,2,Middle
9.750000,0.15,4,6,2,Middle
9.900000,0.15,3,4,1,Pointer
10.050000,0.15,4,6,2,Middle
10.200000,0.09999999999999999,3,4,1,Pointer
10.300000,0.09999999999999999,3,6,2,Middle
10.400000,0.09999999999999999,3,4,1,Pointer
10.500000,0.15,4,6,2,Middle
10.650000,0.15,3,4,1,Pointer
10.800000,0.15,5,7,3,Ring
10.950000,0.15,4,6,2,Middle
11.100000,0.15,3,4,1,Pointer
11.250000,0.15,4,6,2,Middle
11.400000,0.09999999999999999,3,4,1,Pointer
11.500000,0.09999999999999999,3,6,2,Middle
11.600000,0.09999999999999999,3,4,1,Pointer
11.700000,0.15,4,6,2,Middle
11.850000,0.15,3,4,1,Pointer
12.000000,0.15,6,7,3,Ring
12.150000,0.15,5,6,2,Middle
12.300000,0.15,4,4,1,Pointer
12.450000,0.15,5,6,2,Middle
12.600000,0.09999999999999999,4,4,1,Pointer
12.700000,0.09999999999999999,4,6,2,Middle
12.800000,0.09999999999999999,4,4,1,Pointer
12.900000,0.15,5,6,2,Middle
13.050000,0.15,4,4,1,Pointer
13.200000,0.15,5,9,4,Pinky
13.350000,0.15,4,8,3,Ring
13.500000,0.15,3,6,2,Middle
13.650000,0.15,4,8,3,Ring
13.800000,0.09999999999999999,3,6,2,Middle
13.900000,0.09999999999999999,3,8,3,Ring
14.000000,0.09999999999999999,3,6,2,Middle
14.100000,0.15,4,8,3,Ring
14.250000,0.15,3,6,2,Middle
14.400000,0.15,5,6,2,Middle
14.550000,0.15,4,6,2,Middle
14.700000,0.15,3,4,1,Pointer
14.850000,0.15,4,6,2,Middle
15.000000,0.09999999999999999,3,4,1,Pointer
15.100000,0.09999999999999999,3,6,2,Middle
15.200000,0.09999999999999999,3,4,1,Pointer
15.300000,0.15,4,6,2,Middle
15.450000,0.15,3,4,1,Pointer
15.600000,0.15,5,7,3,Ring
15.750000,0.15,4,6,2,Middle
15.900000,0.15,3,4,1,Pointer
16.050000,0.15,4,6,2,Middle
16.200000,0.09999999999999999,3,4,1,Pointer
16.300000,0.09999999999999999,3,6,2,Middle
16.400000,0.09999999999999999,3,4,1,Pointer
16.500000,0.15,4,6,2,Middle
16.650000,0.15,3,4,1,Pointer
16.800000,0.15,6,7,3,Ring
16.950000,0.15,5,6,2,Middle
17.100000,0.15,4,4,1,Pointer
17.250000,0.15,5,6,2,Middle
17.400000,0.09999999999999999,4,4,1,Pointer
17.500000,0.09999999999999999,4,6,2,Middle
17.600000,0.09999999999999999,4,4,1,Pointer
17.700000,0.15,5,6,2,Middle
17.850000,0.15,4,4,1,Pointer
18.000000,0.15,6,6,2,Middle
18.150000,0.15,5,4,1,Pointer
18.300000,0.15,4,4,1,Pointer
18.450000,0.15,5,4,1,Pointer
18.600000,0.09999999999999999,4,4,1,Pointer
18.700000,0.09999999999999999,4,6,2,Middle
18.800000,0.09999999999999999,4,4,1,Pointer
18.900000,0.15,5,4,1,Pointer
19.050000,0.15,4,4,1,Pointer
19.200000,0.15,5,6,2,Middle
19.350000,0.15,4,6,2,Middle
19.500000,0.15,3,4,1,Pointer
19.650000,0.15,4,6,2,Middle
19.800000,0.09999999999999999,3,4,1,Pointer
19.900000,0.09999999999999999,3,6,2,Middle
20.000000,0.09999999999999999,3,4,1,Pointer
20.100000,0.15,4,6,2,Middle
20.250000,0.15,3,4,1,Pointer
20.400000,0.15,5,7,3,Ring
20.550000,0.15,4,6,2,Middle
20.700000,0.15,3,4,1,Pointer
20.850000,0.15,4,6,2,Middle
21.000000,0.09999999999999999,3,4,1,Pointer
21.100000,0.09999999999999999,3,6,2,Middle
21.200000,0.09999999999999999,3,4,1,Pointer
21.300000,0.15,4,6,2,Middle
21.450000,0.15,3,4,1,Pointer
21.600000,0.15,6,7,3,Ring
21.750000,0.15,5,6,2,Middle
21.900000,0.15,4,4,1,Pointer
22.050000,0.15,5,6,2,Middle
22.200000,0.09999999999999999,4,4,1,Pointer
22.300000,0.09999999999999999,4,6,2,Middle
22.400000,0.09999999999999999,4,4,1,Pointer
22.500000,0.15,5,6,2,Middle
22.650000,0.15,4,4,1,Pointer
22.800000,0.15,5,9,4,Pinky
22.950000,0.15,4,8,3,Ring
23.100000,0.15,3,6,2,Middle
23.250000,0.15,4,8,3,Ring
23.400000,0.09999999999999999,3,6,2,Middle
23.500000,0.09999999999999999,3,8,3,Ring
23.600000,0.09999999999999999,3,6,2,Middle
23.700000,0.15,4,8,3,Ring
23.850000,0.15,3,6,2,Middle
24.000000,0.15,5,6,2,Middle
24.150000,0.15,4,6,2,Middle
24.300000,0.15,3,4,1,Pointer
24.450000,0.15,4,6,2,Middle
24.600000,0.09999999999999999,3,4,1,Pointer
24.700000,0.09999999999999999,3,6,2,Middle
24.800000,0.09999999999999999,3,4,1,Pointer
24.900000,0.15,4,6,2,Middle
25.050000,0.15,3,4,1,Pointer
25.200000,0.15,5,7,3,Ring
25.350000,0.15,4,6,2,Middle
25.500000,0.15,3,4,1,Pointer
25.650000,0.15,4,6,2,Middle
25.800000,0.09999999999999999,3,4,1,Pointer
25.900000,0.09999999999999999,3,6,2,Middle
26.000000,0.09999999999999999,3,4,1,Pointer
26.100000,0.15,4,6,2,Middle
26.250000,0.15,3,4,1,Pointer
26.400000,0.15,6,7,3,Ring
26.550000,0.15,5,6,2,Middle
26.700000,0.15,4,4,1,Pointer
26.850000,0.15,5,6,2,Middle
27.000000,0.09999999999999999,4,4,1,Pointer
27.100000,0.09999999999999999,4,6,2,Middle
27.200000,0.09999999999999999,4,4,1,Pointer
27.300000,0.15,5,6,2,Middle
27.450000,0.15,4,4,1,Pointer
27.600000,0.15,6,6,2,Middle
27.750000,0.15,5,4,1,Pointer
27.900000,0.15,4,4,1,Pointer
28.050000,0.15,5,4,1,Pointer
28.200000,0.09999999999999999,4,4,1,Pointer
28.300000,0.09999999999999999,4,6,2,Middle
28.400000,0.09999999999999999,4,4,1,Pointer
28.500000,0.15,5,4,1,Pointer
28.650000,0.15,4,4,1,Pointer
28.800000,0.15,5,6,2,Middle
28.950000,0.15,4,6,2,Middle
29.100000,0.15,3,4,1,Pointer
29.250000,0.15,4,6,2,Middle
29.400000,0.09999999999999999,3,4,1,Pointer
29.500000,0.09999999999999999,3,6,2,Middle
29.600000,0.09999999999999999,3,4,1,Pointer
29.700000,0.15,4,6,2,Middle
29.850000,0.15,3,4,1,Pointer
30.000000,0.15,5,7,3,Ring
30.150000,0.15,4,6,2,Middle
30.300000,0.15,3,4,1,Pointer
30.450000,0.15,4,6,2,Middle
30.600000,0.09999999999999999,3,4,1,Pointer
30.700000,0.09999999999999999,3,6,2,Middle
30.800000,0.09999999999999999,3,4,1,Pointer
30.900000,0.15,4,6,2,Middle
31.050000,0.15,3,4,1,Pointer
31.200000,0.15,6,7,3,Ring
31.350000,0.15,5,6,2,Middle
31.500000,0.15,4,4,1,Pointer
31.650000,0.15,5,6,2,Middle
31.800000,0.09999999999999999,4,4,1,Pointer
31.900000,0.09999999999999999,4,6,2,Middle
32.000000,0.09999999999999999,4,4,1,Pointer
32.100000,0.15,5,6,2,Middle
32.250000,0.15,4,4,1,Pointer
32.400000,0.15,5,9,4,Pinky
32.550000,0.15,4,8,3,Ring
32.700000,0.15,3,6,2,Middle
32.850000,0.15,4,8,3,Ring
33.000000,0.09999999999999999,3,6,2,Middle
33.100000,0.09999999999999999,3,8,3,Ring
33.200000,0.09999999999999999,3,6,2,Middle
33.300000,0.15,4,8,3,Ring
33.450000,0.15,3,6,2,Middle
33.600000,0.15,5,6,2,Middle
33.750000,0.15,4,6,2,Middle
33.900000,0.15,3,4,1,Pointer
34.050000,0.15,4,6,2,Middle
34.200000,0.09999999999999999,3,4,1,Pointer
34.300000,0.09999999999999999,3,6,2,Middle
34.400000,0.09999999999999999,3,4,1,Pointer
34.500000,0.15,4,6,2,Middle
34.650000,0.15,3,4,1,Pointer
34.800000,0.15,5,7,3,Ring
34.950000,0.15,4,6,2,Middle
35.100000,0.15,3,4,1,Pointer
35.250000,0.15,4,6,2,Middle
35.400000,0.09999999999999999,3,4,1,Pointer
35.500000,0.09999999999999999,3,6,2,Middle
35.600000,0.09999999999999999,3,4,1,Pointer
35.700000,0.15,4,6,2,Middle
35.850000,0.15,3,4,1,Pointer
36.000000,0.15,6,7,3,Ring
36.150000,0.15,5,6,2,Middle
36.300000,0.15,4,4,1,Pointer
36.450000,0.15,5,6,2,Middle
36.600000,0.09999999999999999,4,4,1,Pointer
36.700000,0.09999999999999999,4,6,2,Middle
36.800000,0.09999999999999999,4,4,1,Pointer
36.900000,0.15,5,6,2,Middle
37.050000,0.15,4,4,1,Pointer
37.200000,0.15,6,6,2,Middle
37.350000,0.15,5,4,1,Pointer
37.500000,0.15,4,4,1,Pointer
37.650000,0.15,5,4,1,Pointer
37.800000,0.09999999999999999,4,4,1,Pointer
37.900000,0.09999999999999999,4,6,2,Middle
38.000000,0.09999999999999999,4,4,1,Pointer
38.100000,0.15,5,4,1,Pointer
38.250000,0.15,4,4,1,Pointer
38.400000,0.15,5,6,2,Middle
38.550000,0.15,4,6,2,Middle
38.700000,0.15,3,4,1,Pointer
38.850000,0.15,4,6,2,Middle
39.000000,0.09999999999999999,3,4,1,Pointer
39.100000,0.09999999999999999,3,6,2,Middle
39.200000,0.09999999999999999,3,4,1,Pointer
39.300000,0.15,4,6,2,Middle
39.450000,0.15,3,4,1,Pointer
39.600000,0.15,5,7,3,Ring
39.750000,0.15,4,6,2,Middle
39.900000,0.15,3,4,1,Pointer
40.050000,0.15,4,6,2,Middle
40.200000,0.09999999999999999,3,4,1,Pointer
40.300000,0.09999999999999999,3,6,2,Middle
40.400000,0.09999999999999999,3,4,1,Pointer
40.500000,0.15,4,6,2,Middle
40.650000,0.15,3,4,1,Pointer
40.800000,0.15,6,7,3,Ring
40.950000,0.15,5,6,2,Middle
41.100000,0.15,4,4,1,Pointer
41.250000,0.15,5,6,2,Middle
41.400000,0.09999999999999999,4,4,1,Pointer
41.500000,0.09999999999999999,4,6,2,Middle
41.600000,0.09999999999999999,4,4,1,Pointer
41.700000,0.15,5,6,2,Middle
41.850000,0.15,4,4,1,Pointer
42.000000,0.15,5,9,4,Pinky
42.150000,0.15,4,8,3,Ring
42.300000,0.15,3,6,2,Middle
42.450000,0.15,4,8,3,Ring
42.600000,0.09999999999999999,3,6,2,Middle
42.700000,0.09999999999999999,3,8,3,Ring
42.800000,0.09999999999999999,3,6,2,Middle
42.900000,0.15,4,8,3,Ring
43.050000,0.15,3,6,2,Middle
43.200000,0.15,5,6,2,Middle
43.350000,0.15,4,6,2,Middle
43.500000,0.15,3,4,1,Pointer
43.650000,0.15,4,6,2,Middle
43.800000,0.09999999999999999,3,4,1,Pointer
43.900000,0.09999999999999999,3,6,2,Middle
44.000000,0.09999999999999999,3,4,1,Pointer
44.100000,0.15,4,6,2,Middle
44.250000,0.15,3,4,1,Pointer
44.400000,0.15,5,7,3,Ring
44.550000,0.15,4,6,2,Middle
44.700000,0.15,3,4,1,Pointer
44.850000,0.15,4,6,2,Middle
45.000000,0.09999999999999999,3,4,1,Pointer
45.100000,0.09999999999999999,3,6,2,Middle
45.200000,0.09999999999999999,3,4,1,Pointer
45.300000,0.15,4,6,2,Middle
45.450000,0.15,3,4,1,Pointer
45.600000,0.15,6,7,3,Ring
45.750000,0.15,5,6,2,Middle
45.900000,0.15,4,4,1,Pointer
46.050000,0.15,5,6,2,Middle
46.200000,0.09999999999999999,4,4,1,Pointer
46.300000,0.09999999999999999,4,6,2,Middle
46.400000,0.09999999999999999,4,4,1,Pointer
46.500000,0.15,5,6,2,Middle
46.650000,0.15,4,4,1,Pointer
46.800000,0.15,6,6,2,Middle
46.950000,0.15,5,4,1,Pointer
47.100000,0.15,4,4,1,Pointer
47.250000,0.15,5,4,1,Pointer
47.400000,0.09999999999999999,4,4,1,Pointer
47.500000,0.09999999999999999,4,6,2,Middle
47.600000,0.09999999999999999,4,4,1,Pointer
47.700000,0.15,5,4,1,Pointer
47.850000,0.15,4,4,1,Pointer
48.000000,0.15,5,6,2,Middle
48.150000,0.15,4,6,2,Middle
48.300000,0.15,3,4,1,Pointer
48.450000,0.15,4,6,2,Middle
48.600000,0.09999999999999999,3,4,1,Pointer
48.700000,0.09999999999999999,3,6,2,Middle
48.800000,0.09999999999999999,3,4,1,Pointer
48.900000,0.15,4,6,2,Middle
49.050000,0.15,3,4,1,Pointer
49.200000,0.15,5,7,3,Ring
49.350000,0.15,4,6,2,Middle
49.500000,0.15,3,4,1,Pointer
49.650000,0.15,4,6,2,Middle
49.800000,0.09999999999999999,3,4,1,Pointer
49.900000,0.09999999999999999,3,6,2,Middle
50.000000,0.09999999999999999,3,4,1,Pointer
50.100000,0.15,4,6,2,Middle
50.250000,0.15,3,4,1,Pointer
50.400000,0.15,6,7,3,Ring
50.550000,0.15,5,6,2,Middle
50.700000,0.15,4,4,1,Pointer
50.850000,0.15,5,6,2,Middle
51.000000,0.09999999999999999,4,4,1,Pointer
51.100000,0.09999999999999999,4,6,2,Middle
51.200000,0.09999999999999999,4,4,1,Pointer
51.300000,0.15,5,6,2,Middle
51.450000,0.15,4,4,1,Pointer
51.600000,0.15,5,9,4,Pinky
51.750000,0.15,4,8,3,Ring
51.900000,0.15,3,6,2,Middle
52.050000,0.15,4,8,3,Ring
52.200000,0.09999999999999999,3,6,2,Middle
52.300000,0.09999999999999999,3,8,3,Ring
52.400000,0.09999999999999999,3,6,2,Middle
52.500000,0.15,4,8,3,Ring
52.650000,0.15,3,6,2,Middle
52.800000,0.15,5,6,2,Middle
52.950000,0.15,4,6,2,Middle
53.100000,0.15,3,4,1,Pointer
53.250000,0.15,4,6,2,Middle
53.400000,0.09999999999999999,3,4,1,Pointer
53.500000,0.09999999999999999,3,6,2,Middle
53.600000,0.09999999999999999,3,4,1,Pointer
53.700000,0.15,4,6,2,Middle
53.850000,0.15,3,4,1,Pointer
54.000000,0.15,5,7,3,Ring
54.150000,0.15,4,6,2,Middle
54.300000,0.15,3,4,1,Pointer
54.450000,0.15,4,6,2,Middle
54.600000,0.09999999999999999,3,4,1,Pointer
54.700000,0.09999999999999999,3,6,2,Middle
54.800000,0.09999999999999999,3,4,1,Pointer
54.900000,0.15,4,6,2,Middle
55.050000,0.15,3,4,1,Pointer
55.200000,0.15,6,7,3,Ring
55.350000,0.15,5,6,2,Middle
55.500000,0.15,4,4,1,Pointer
55.650000,0.15,5,6,2,Middle
55.800000,0.09999999999999999,4,4,1,Pointer
55.900000,0.09999999999999999,4,6,2,Middle
56.000000,0.09999999999999999,4,4,1,Pointer
56.100000,0.15,5,6,2,Middle
56.250000,0.15,4,4,1,Pointer
56.400000,0.15,6,6,2,Middle
56.550000,0.15,5,4,1,Pointer
56.700000,0.15,4,4,1,Pointer
56.850000,0.15,5,4,1,Pointer
57.000000,0.09999999999999999,4,4,1,Pointer
57.100000,0.09999999999999999,4,6,2,Middle
57.200000,0.09999999999999999,4,4,1,Pointer
57.300000,0.15,5,4,1,Pointer
57.450000,0.15,4,4,1,Pointer
57.600000,0.15,5,6,2,Middle
57.750000,0.15,4,6,2,Middle
57.900000,0.15,3,4,1,Pointer
58.050000,0.15,4,6,2,Middle
58.200000,0.09999999999999999,3,4,1,Pointer
58.300000,0.09999999999999999,3,6,2,Middle
58.400000,0.09999999999999999,3,4,1,Pointer
58.500000,0.15,4,6,2,Middle
58.650000,0.15,3,4,1,Pointer
58.800000,0.15,5,7,3,Ring
58.950000,0.15,4,6,2,Middle
59.100000,0.15,3,4,1,Pointer
59.250000,0.15,4,6,2,Middle
59.400000,0.09999999999999999,3,4,1,Pointer
59.500000,0.09999999999999999,3,6,2,Middle
59.600000,0.09999999999999999,3,4,1,Pointer
59.700000,0.15,4,6,2,Middle
59.850000,0.15,3,4,1,Pointer
60.000000,0.15,6,7,3,Ring
60.150000,0.15,5,6,2,Middle
60.300000,0.15,4,4,1,Pointer
60.450000,0.15,5,6,2,Middle
60.600000,0.09999999999999999,4,4,1,Pointer
60.700000,0.09999999999999999,4,6,2,Middle
60.800000,0.09999999999999999,4,4,1,Pointer
60.900000,0.15,5,6,2,Middle
61.050000,0.15,4,4,1,Pointer
61.200000,0.15,5,9,4,Pinky
61.350000,0.15,4,8,3,Ring
61.500000,0.15,3,6,2,Middle
61.650000,0.15,4,8,3,Ring
61.800000,0.09999999999999999,3,6,2,Middle
61.900000,0.09999999999999999,3,8,3,Ring
62.000000,0.09999999999999999,3,6,2,Middle
62.100000,0.15,4,8,3,Ring
62.250000,0.15,3,6,2,Middle
62.400000,0.15,5,6,2,Middle
62.550000,0.15,4,6,2,Middle
62.700000,0.15,3,4,1,Pointer
62.850000,0.15,4,6,2,Middle
63.000000,0.09999999999999999,3,4,1,Pointer
63.100000,0.09999999999999999,3,6,2,Middle
63.200000,0.09999999999999999,3,4,1,Pointer
63.300000,0.15,4,6,2,Middle
63.450000,0.15,3,4,1,Pointer
63.600000,0.15,5,7,3,Ring
63.750000,0.15,4,6,2,Middle
63.900000,0.15,3,4,1,Pointer
64.050000,0.15,4,6,2,Middle
64.200000,0.09999999999999999,3,4,1,Pointer
64.300000,0.09999999999999999,3,6,2,Middle
64.400000,0.09999999999999999,3,4,1,Pointer
64.500000,0.15,4,6,2,Middle
64.650000,0.15,3,4,1,Pointer
64.800000,0.15,6,7,3,Ring
64.950000,0.15,5,6,2,Middle
65.100000,0.15,4,4,1,Pointer
65.250000,0.15,5,6,2,Middle
65.400000,0.09999999999999999,4,4,1,Pointer
65.500000,0.09999999999999999,4,6,2,Middle
65.600000,0.09999999999999999,4,4,1,Pointer
65.700000,0.15,5,6,2,Middle
65.850000,0.15,4,4,1,Pointer
66.000000,0.15,6,6,2,Middle
66.150000,0.15,5,4,1,Pointer
66.300000,0.15,4,4,1,Pointer
66.450000,0.15,5,4,1,Pointer
66.600000,0.09999999999999999,4,4,1,Pointer
66.700000,0.09999999999999999,4,6,2,Middle
66.800000,0.09999999999999999,4,4,1,Pointer
66.900000,0.15,5,4,1,Pointer
67.050000,0.15,4,4,1,Pointer
67.200000,0.15,5,6,2,Middle
67.350000,0.15,4,6,2,Middle
67.500000,0.15,3,4,1,Pointer
67.650000,0.15,4,6,2,Middle
67.800000,0.09999999999999999,3,4,1,Pointer
67.900000,0.09999999999999999,3,6,2,Middle
68.000000,0.09999999999999999,3,4,1,Pointer
68.100000,0.15,4,6,2,Middle
68.250000,0.15,3,4,1,Pointer
68.400000,0.15,5,7,3,Ring
68.550000,0.15,4,6,2,Middle
68.700000,0.15,3,4,1,Pointer
68.850000,0.15,4,6,2,Middle
69.000000,0.09999999999999999,3,4,1,Pointer
69.100000,0.09999999999999999,3,6,2,Middle
69.200000,0.09999999999999999,3,4,1,Pointer
69.300000,0.15,4,6,2,Middle
69.450000,0.15,3,4,1,Pointer
69.600000,0.15,6,7,3,Ring
69.750000,0.15,5,6,2,Middle
69.900000,0.15,4,4,1,Pointer
70.050000,0.15,5,6,2,Middle
70.200000,0.09999999999999999,4,4,1,Pointer
70.300000,0.09999999999999999,4,6,2,Middle
70.400000,0.09999999999999999,4,4,1,Pointer
70.500000,0.15,5,6,2,Middle
70.650000,0.15,4,4,1,Pointer
70.800000,0.15,5,9,4,Pinky
70.950000,0.15,4,8,3,Ring
71.100000,0.15,3,6,2,Middle
71.250000,0.15,4,8,3,Ring
71.400000,0.09999999999999999,3,6,2,Middle
71.500000,0.09999999999999999,3,8,3,Ring
71.600000,0.09999999999999999,3,6,2,Middle
71.700000,0.15,4,8,3,Ring
71.850000,0.15,3,6,2,Middle
72.000000,0.15,5,6,2,Middle
72.150000,0.15,4,6,2,Middle
72.300000,0.15,3,4,1,Pointer
72.450000,0.15,4,6,2,Middle
72.600000,0.09999999999999999,3,4,1,Pointer
72.700000,0.09999999999999999,3,6,2,Middle
72.800000,0.09999999999999999,3,4,1,Pointer
72.900000,0.15,4,6,2,Middle
73.050000,0.15,3,4,1,Pointer
73.200000,0.15,5,7,3,Ring
73.350000,0.15,4,6,2,Middle
73.500000,0.15,3,4,1,Pointer
73.650000,0.15,4,6,2,Middle
73.800000,0.09999999999999999,3,4,1,Pointer
73.900000,0.09999999999999999,3,6,2,Middle
74.000000,0.09999999999999999,3,4,1,Pointer
74.100000,0.15,4,6,2,Middle
74.250000,0.15,3,4,1,Pointer
74.400000,0.15,6,7,3,Ring
74.550000,0.15,5,6,2,Middle
74.700000,0.15,4,4,1,Pointer
74.850000,0.15,5,6,2,Middle
75.000000,0.09999999999999999,4,4,1,Pointer
75.100000,0.09999999999999999,4,6,2,Middle
75.200000,0.09999999999999999,4,4,1,Pointer
75.300000,0.15,5,6,2,Middle
75.450000,0.15,4,4,1,Pointer
75.600000,0.15,6,6,2,Middle
75.750000,0.15,5,4,1,Pointer
75.900000,0.15,4,4,1,Pointer
76.050000,0.15,5,4,1,Pointer
76.200000,0.09999999999999999,4,4,1,Pointer
76.300000,0.09999999999999999,4,6,2,Middle
76.400000,0.09999999999999999,4,4,1,Pointer
76.500000,0.15,5,4,1,Pointer
76.650000,0.15,4,4,1,Pointer
76.800000,0.15,5,6,2,Middle
76.950000,0.15,4,6,2,Middle
77.100000,0.15,3,4,1,Pointer
77.250000,0.15,4,6,2,Middle
77.400000,0.09999999999999999,3,4,1,Pointer
77.500000,0.09999999999999999,3,6,2,Middle
77.600000,0.09999999999999999,3,4,1,Pointer
77.700000,0.15,4,6,2,Middle
77.850000,0.15,3,4,1,Pointer
78.000000,0.15,5,7,3,Ring
78.150000,0.15,4,6,2,Middle
78.300000,0.15,3,4,1,Pointer
78.450000,0.15,4,6,2,Middle
78.600000,0.09999999999999999,3,4,1,Pointer
78.700000,0.09999999999999999,3,6,2,Middle
78.800000,0.09999999999999999,3,4,1,Pointer
78.900000,0.15,4,6,2,Middle
79.050000,0.15,3,4,1,Pointer
79.200000,0.15,6,7,3,Ring
79.350000,0.15,5,6,2,Middle
79.500000,0.15,4,4,1,Pointer
79.650000,0.15,5,6,2,Middle
79.800000,0.09999999999999999,4,4,1,Pointer
79.900000,0.09999999999999999,4,6,2,Middle
80.000000,0.09999999999999999,4,4,1,Pointer
80.100000,0.15,5,6,2,Middle
80.250000,0.15,4,4,1,Pointer
80.400000,0.15,5,9,4,Pinky
80.550000,0.15,4,8,3,Ring
80.700000,0.15,3,6,2,Middle
80.850000,0.15,4,8,3,Ring
81.000000,0.09999999999999999,3,6,2,Middle
81.100000,0.09999999999999999,3,8,3,Ring
81.200000,0.09999999999999999,3,6,2,Middle
81.300000,0.15,4,8,3,Ring
81.450000,0.15,3,6,2,Middle
81.600000,0.15,5,6,2,Middle
81.750000,0.15,4,6,2,Middle
81.900000,0.15,3,4,1,Pointer
82.050000,0.15,4,6,2,Middle
82.200000,0.09999999999999999,3,4,1,Pointer
82.300000,0.09999999999999999,3,6,2,Middle
82.400000,0.09999999999999999,3,4,1,Pointer
82.500000,0.15,4,6,2,Middle
82.650000,0.15,3,4,1,Pointer
82.800000,0.15,5,7,3,Ring
82.950000,0.15,4,6,2,Middle
83.100000,0.15,3,4,1,Pointer
83.250000,0.15,4,6,2,Middle
83.400000,0.09999999999999999,3,4,1,Pointer
83.500000,0.09999999999999999,3,6,2,Middle
83.600000,0.09999999999999999,3,4,1,Pointer
83.700000,0.15,4,6,2,Middle
83.850000,0.15,3,4,1,Pointer
84.000000,0.15,6,7,3,Ring
84.150000,0.15,5,6,2,Middle
84.300000,0.15,4,4,1,Pointer
84.450000,0.15,5,6,2,Middle
84.600000,0.09999999999999999,4,4,1,Pointer
84.700000,0.09999999999999999,4,6,2,Middle
84.800000,0.09999999999999999,4,4,1,Pointer
84.900000,0.15,5,6,2,Middle
85.050000,0.15,4,4,1,Pointer
85.200000,0.15,6,6,2,Middle
85.350000,0.15,5,4,1,Pointer
85.500000,0.15,4,4,1,Pointer
85.650000,0.15,5,4,1,Pointer
85.800000,0.09999999999999999,4,4,1,Pointer
85.900000,0.09999999999999999,4,6,2,Middle
86.000000,0.09999999999999999,4,4,1,Pointer
86.100000,0.15,5,4,1,Pointer
86.250000,0.15,4,4,1,Pointer
86.400000,0.15,5,6,2,Middle
86.550000,0.15,4,6,2,Middle
86.700000,0.15,3,4,1,Pointer
86.850000,0.15,4,6,2,Middle
87.000000,0.09999999999999999,3,4,1,Pointer
87.100000,0.09999999999999999,3,6,2,Middle
87.200000,0.09999999999999999,3,4,1,Pointer
87.300000,0.15,4,6,2,Middle
87.450000,0.15,3,4,1,Pointer
87.600000,0.15,5,7,3,Ring
87.750000,0.15,4,6,2,Middle
87.900000,0.15,3,4,1,Pointer
88.050000,0.15,4,6,2,Middle
88.200000,0.09999999999999999,3,4,1,Pointer
88.300000,0.09999999999999999,3,6,2,Middle
88.400000,0.09999999999999999,3,4,1,Pointer
88.500000,0.15,4,6,2,Middle
88.650000,0.15,3,4,1,Pointer
88.800000,0.15,6,7,3,Ring
88.950000,0.15,5,6,2,Middle
89.100000,0.15,4,4,1,Pointer
89.250000,0.15,5,6,2,Middle
89.400000,0.09999999999999999,4,4,1,Pointer
89.500000,0.09999999999999999,4,6,2,Middle
89.600000,0.09999999999999999,4,4,1,Pointer
89.700000,0.15,5,6,2,Middle
89.850000,0.15,4,4,1,Pointer
90.000000,0.15,5,9,4,Pinky
90.150000,0.15,4,8,3,Ring
90.300000,0.15,3,6,2,Middle
90.450000,0.15,4,8,3,Ring
90.600000,0.09999999999999999,3,6,2,Middle
90.700000,0.09999999999999999,3,8,3,Ring
90.800000,0.09999999999999999,3,6,2,Middle
90.900000,0.15,4,8,3,Ring
91.050000,0.15,3,6,2,Middle
91.200000,0.15,5,6,2,Middle
91.350000,0.15,4,6,2,Middle
91.500000,0.15,3,4,1,Pointer
91.650000,0.15,4,6,2,Middle
91.800000,0.09999999999999999,3,4,1,Pointer
91.900000,0.09999999999999999,3,6,2,Middle
92.000000,0.09999999999999999,3,4,1,Pointer
92.100000,0.15,4,6,2,Middle
92.250000,0.15,3,4,1,Pointer
92.400000,0.15,5,7,3,Ring
92.550000,0.15,4,6,2,Middle
92.700000,0.15,3,4,1,Pointer
92.850000,0.15,4,6,2,Middle
93.000000,0.09999999999999999,3,4,1,Pointer
93.100000,0.09999999999999999,3,6,2,Middle
93.200000,0.09999999999999999,3,4,1,Pointer
93.300000,0.15,4,6,2,Middle
93.450000,0.15,3,4,1,Pointer
93.600000,0.15,6,7,3,Ring
93.750000,0.15,5,6,2,Middle
93.900000,0.15,4,4,1,Pointer
94.050000,0.15,5,6,2,Middle
94.200000,0.09999999999999999,4,4,1,Pointer
94.300000,0.09999999999999999,4,6,2,Middle
94.400000,0.09999999999999999,4,4,1,Pointer
94.500000,0.15,5,6,2,Middle
94.650000,0.15,4,4,1,Pointer
94.800000,0.15,6,6,2,Middle
94.950000,0.15,5,4,1,Pointer
95.100000,0.15,4,4,1,Pointer
95.250000,0.15,5,4,1,Pointer
95.400000,0.09999999999999999,4,4,1,Pointer
95.500000,0.09999999999999999,4,6,3,Ring
95.600000,0.09999999999999999,4,4,1,Pointer
95.700000,0.15,5,4,1,Pointer
95.850000,0.15,4,4,1,Pointer
96.000000,0.15,2,9,4,Pinky
96.000000,0.15,3,9,2,Middle
96.000000,0.15,4,9,2,Middle
96.150000,0.15,2,9,4,Pinky
96.150000,0.15,3,9,2,Middle
96.150000,0.15,4,9,2,Middle
96.300000,0.15,2,9,2,Middle
96.300000,0.15,3,9,2,Middle
96.300000,0.15,4,9,4,Pinky
96.450000,0.15,2,9,4,Pinky
96.450000,0.15,3,9,2,Middle
96.450000,0.15,4,9,2,Middle
96.600000,0.15,2,9,4,Pinky
96.600000,0.15,3,9,2,Middle
96.600000,0.15,4,9,2,Middle
96.750000,0.15,2,9,4,Pinky
96.750000,0.15,3,9,2,Middle
96.750000,0.15,4,9,2,Middle
96.900000,0.15,2,9,4,Pinky
96.900000,0.15,3,9,2,Middle
96.900000,0.15,4,9,2,Middle
97.050000,0.15,2,9,4,Pinky
97.050000,0.15,3,9,2,Middle
97.050000,0.15,4,9,2,Middle
97.200000,0.15,2,9,2,Middle
97.200000,0.15,3,9,2,Middle
97.200000,0.15,4,9,4,Pinky
97.350000,0.15,2,9,4,Pinky
97.350000,0.15,3,9,2,Middle
97.350000,0.15,4,9,2,Middle
97.500000,0.15,2,9,4,Pinky
97.500000,0.15,3,9,2,Middle
97.500000,0.15,4,9,2,Middle
97.650000,0.15,2,9,4,Pinky
97.650000,0.15,3,9,2,Middle
97.650000,0.15,4,9,2,Middle
97.800000,0.15,2,9,4,Pinky
97.800000,0.15,3,9,2,Middle
97.800000,0.15,4,9,2,Middle
97.950000,0.15,2,9,4,Pinky
97.950000,0.15,3,9,2,Middle
97.950000,0.15,4,9,2,Middle
98.100000,0.15,2,9,2,Middle
98.100000,0.15,3,9,2,Middle
98.100000,0.15,4,9,4,Pinky
98.250000,0.15,2,9,4,Pinky
98.250000,0.15,3,9,2,Middle
98.250000,0.15,4,9,2,Middle
98.400000,0.15,2,9,4,Pinky
98.400000,0.15,3,9,2,Middle
98.400000,0.15,4,9,2,Middle
98.550000,0.15,2,9,4,Pinky
98.550000,0.15,3,9,2,Middle
98.550000,0.15,4,9,2,Middle
98.700000,0.15,2,9,2,Middle
98.700000,0.15,3,9,2,Middle
98.700000,0.15,4,9,4,Pinky
98.850000,0.15,2,9,4,Pinky
98.850000,0.15,3,9,2,Middle
98.850000,0.15,4,9,2,Middle
99.000000,0.15,2,9,4,Pinky
99.000000,0.15,3,9,2,Middle
99.000000,0.15,4,9,2,Middle
99.150000,0.15,2,9,4,Pinky
99.150000,0.15,3,9,2,Middle
99.150000,0.15,4,9,2,Middle
99.300000,0.15,2,9,3,Ring
99.300000,0.15,3,9,2,Middle
99.300000,0.15,4,9,2,Middle
99.450000,0.15,2,9,3,Ring
99.450000,0.15,3,9,1,Pointer
99.450000,0.15,4,9,1,Pointer
99.600000,0.15,2,11,4,Pinky
99.600000,0.15,3,11,2,Middle
99.600000,0.15,4,11,2,Middle
99.750000,0.15,2,11,2,Middle
99.750000,0.15,3,11,2,Middle
99.750000,0.15,4,11,4,Pinky
99.900000,0.15,2,11,2,Middle
99.900000,0.15,3,11,2,Middle
99.900000,0.15,4,11,4,Pinky
100.050000,0.15,2,11,2,Middle
100.050000,0.15,3,11,2,Middle
100.050000,0.15,4,11,4,Pinky
100.200000,0.15,2,11,4,Pinky
100.200000,0.15,3,11,2,Middle
100.200000,0.15,4,11,2,Middle
100.350000,0.15,2,11,4,Pinky
100.350000,0.15,3,11,2,Middle
100.350000,0.15,4,11,2,Middle
100.500000,0.15,2,11,4,Pinky
100.500000,0.15,3,11,1,Pointer
100.500000,0.15,4,11,1,Pointer
100.650000,0.15,2,11,3,Ring
100.650000,0.15,3,11,1,Pointer
100.650000,0.15,4,11,1,Pointer
100.800000,0.15,2,12,3,Ring
100.800000,0.15,3,13,2,Middle
100.800000,0.15,4,13,4,Pinky
100.950000,0.15,2,12,3,Ring
100.950000,0.15,3,13,2,Middle
100.950000,0.15,4,13,4,Pinky
101.100000,0.15,2,12,3,Ring
101.100000,0.15,3,13,2,Middle
101.100000,0.15,4,13,4,Pinky
101.250000,0.15,2,12,3,Ring
101.250000,0.15,3,13,4,Pinky
101.250000,0.15,4,13,2,Middle
101.400000,0.15,2,12,3,Ring
101.400000,0.15,3,13,2,Middle
101.400000,0.15,4,13,4,Pinky
101.550000,0.15,2,12,3,Ring
101.550000,0.15,3,13,4,Pinky
101.550000,0.15,4,13,2,Middle
101.700000,0.15,2,12,3,Ring
101.700000,0.15,3,13,2,Middle
101.700000,0.15,4,13,4,Pinky
101.850000,0.15,2,12,3,Ring
101.850000,0.15,3,13,4,Pinky
101.850000,0.15,4,13,2,Middle
102.000000,0.15,2,12,3,Ring
102.000000,0.15,3,13,4,Pinky
102.000000,0.15,4,13,2,Middle
102.150000,0.15,2,12,3,Ring
102.150000,0.15,3,13,2,Middle
102.150000,0.15,4,13,2,Middle
102.300000,0.15,2,12,3,Ring
102.300000,0.15,3,13,2,Middle
102.300000,0.15,4,13,4,Pinky
102.450000,0.15,2,12,3,Ring
102.450000,0.15,3,13,4,Pinky
102.450000,0.15,4,13,2,Middle
102.600000,0.15,2,12,3,Ring
102.600000,0.15,3,13,2,Middle
102.600000,0.15,4,13,4,Pinky
102.750000,0.15,2,12,3,Ring
102.750000,0.15,3,13,4,Pinky
102.750000,0.15,4,13,2,Middle
102.900000,0.15,2,12,3,Ring
102.900000,0.15,3,13,4,Pinky
102.900000,0.15,4,13,2,Middle
103.050000,0.15,2,12,3,Ring
103.050000,0.15,3,13,2,Middle
103.050000,0.15,4,13,2,Middle
103.200000,0.15,2,12,3,Ring
103.200000,0.15,3,13,2,Middle
103.200000,0.15,4,13,4,Pinky
103.350000,0.15,2,12,3,Ring
103.350000,0.15,3,13,4,Pinky
103.350000,0.15,4,13,2,Middle
103.500000,0.15,2,12,3,Ring
103.500000,0.15,3,13,4,Pinky
103.500000,0.15,4,13,2,Middle
103.650000,0.15,2,12,3,Ring
103.650000,0.15,3,13,2,Middle
103.650000,0.15,4,13,2,Middle
103.800000,0.15,2,12,3,Ring
103.800000,0.15,3,13,2,Middle
103.800000,0.15,4,13,4,Pinky
103.950000,0.15,2,12,3,Ring
103.950000,0.15,3,13,4,Pinky
103.950000,0.15,4,13,2,Middle
