Time,Wx,Wy,Wz,Tx,Ty,Tz,Ix,Iy,Iz,Mx,My,Mz,Rx,Ry,Rz,Px,Py,Pz
0.0
0.172414
0.172414
0.517241
0.689655
0.689655
1.034483
1.034483
1.37931
1.551724
1.724138
1.724138
2.068966
2.241379
2.413793
2.413793
2.758621
2.931034
3.103448
3.103448
3.448276
3.62069
3.793103
3.793103
4.137931
4.310345
4.482759
4.482759
4.827586
5.0
5.172414
5.172414
5.517241
5.689655
5.689655
6.034483
6.206897
6.206897
6.551724
6.551724
6.896552
7.068966
7.241379
7.241379
7.586207
7.758621
7.931034
7.931034
8.275862
8.448276
8.62069
8.62069
8.965517
9.137931
9.310345
9.310345
9.655172
9.827586
10.0
10.0
10.344828
10.517241
10.689655
10.689655
11.034483
11.206897
11.206897
11.551724
11.724138
11.724138
12.068966
12.068966
12.413793
12.586207
12.758621
12.758621
13.103448,0.5640943646430969,0.9716065526008606,-9.827961378050531e-08,0.5719009637832642,0.9297696352005005,-0.08883482217788696,0.564002275466919,0.9039568305015564,-0.09757615625858307,0.5646446943283081,0.9028453230857849,-0.07882083207368851,0.5580786466598511,0.8941078186035156,-0.057758353650569916,0.549964427947998,0.8972665071487427,-0.05177838355302811
13.275862
13.448276,0.9210593700408936,0.9498266577720642,4.5192372510882706e-08,0.9251728653907776,0.7191104888916016,-0.08357160538434982,0.948821485042572,0.6661141514778137,-0.0748269185423851,0.8871195912361145,0.6940163373947144,-0.06621632725000381,0.8789679408073425,0.7201541662216187,-0.053412292152643204,0.8749517202377319,0.7314785122871399,-0.041004423052072525
13.448276,0.9181437492370605,0.9471157193183899,4.797522734634185e-08,0.9220775961875916,0.7204064130783081,-0.07136529684066772,0.9443555474281311,0.665793240070343,-0.057311657816171646,0.8906099200248718,0.6808059215545654,-0.05135942995548248,0.8770005106925964,0.7036545276641846,-0.04520711675286293,0.8731488585472107,0.7190173864364624,-0.03497055545449257
13.793103
13.965517
13.965517
14.310345
14.482759
14.482759
14.827586
14.827586
15.172414
15.344828
15.517241
15.517241
15.862069
16.034483
16.206897
16.206897
16.551724
16.724138
16.724138
17.068966
17.241379
17.241379
17.586207
17.586207
17.931034,0.9035207033157349,0.9078023433685303,6.945109021216922e-08,0.9021003842353821,0.6689209938049316,-0.06335961073637009,0.8963167071342468,0.6592944860458374,-0.02389271929860115,0.8937874436378479,0.6655704379081726,0.008755520917475224,0.8916171789169312,0.6754571199417114,0.02622041292488575,0.8832828998565674,0.7012194395065308,0.03937816992402077
18.103448
18.275862
18.275862
18.62069
18.793103
18.965517
18.965517
19.310345
19.482759
19.482759,0.9122463464736938,0.90283203125,1.1306727998317001e-07,0.9083414673805237,0.669607937335968,-0.05189984291791916,0.9171604514122009,0.7096521854400635,-0.026424283161759377,0.904183566570282,0.7100838422775269,-0.0043057771399617195,0.8901986479759216,0.7052503824234009,0.011930490843951702,0.8839138746261597,0.7114619612693787,0.024655308574438095
19.827586,0.9034935832023621,0.884876012802124,4.9134335711187305e-08,0.9035552144050598,0.6656449437141418,-0.04942682385444641,0.9156815409660339,0.7159613370895386,-0.02941265143454075,0.9079214930534363,0.7234658598899841,-0.006707796361297369,0.9008805155754089,0.7237404584884644,0.01133502647280693,0.8947726488113403,0.7191467881202698,0.023975633084774017
20.0
20.0
20.344828
20.344828
20.689655
20.862069
21.034483
21.034483
21.37931,0.5290548205375671,0.9954103231430054,-1.9079674018485093e-07,0.5495156645774841,0.9629074335098267,-0.0638071596622467,0.5424142479896545,0.9520862698554993,-0.0738278403878212,0.5462512373924255,0.9691586494445801,-0.057483360171318054,0.5412532687187195,0.9543588161468506,-0.04276082292199135,0.5356945991516113,0.9488692283630371,-0.046456772834062576
21.551724
21.724138
21.724138
22.068966
22.241379
22.241379
22.586207,0.5916517972946167,0.9812504649162292,-1.6603380004198698e-07,0.6423577070236206,0.8171775937080383,-0.006231620907783508,0.623821496963501,0.8938202857971191,0.009267403744161129,0.6275902986526489,0.9218798279762268,0.00749610411003232,0.6307618618011475,0.9341223239898682,0.008836253546178341,0.6341840624809265,0.9318130016326904,0.013563424348831177
22.758621,0.5994243025779724,0.9786818027496338,4.6891506144675077e-07,0.610091507434845,0.7207668423652649,-0.061866700649261475,0.6078534722328186,0.6277540922164917,-0.054135095328092575,0.637008547782898,0.6201738119125366,-0.03641514107584953,0.6570628881454468,0.6929854154586792,-0.028340421617031097,0.658390998840332,0.7336239814758301,-0.005806203931570053
22.758621,0.5966333746910095,0.9707028865814209,5.537522724807786e-07,0.5909584760665894,0.682151198387146,-0.07028794288635254,0.586967945098877,0.5701612234115601,-0.04471960663795471,0.6221110820770264,0.5594266057014465,-0.023622184991836548,0.6494900584220886,0.632959246635437,-0.013998536393046379,0.6502322554588318,0.6769641637802124,0.00935688242316246
23.103448,0.53339022397995,0.6398178339004517,5.19852392244502e-07,0.4422582983970642,0.3163590431213379,-0.06809293478727341,0.439191073179245,0.21876883506774902,0.0024654576554894447,0.4764426052570343,0.1892484575510025,0.02461414225399494,0.5082605481147766,0.21538574993610382,0.028895869851112366,0.5251949429512024,0.25761938095092773,0.041087593883275986
23.103448,0.5263223648071289,0.6296950578689575,5.963513558526756e-07,0.4329988360404968,0.29861927032470703,-0.08284369111061096,0.4441302716732025,0.18744739890098572,-9.873573435470462e-05,0.47674471139907837,0.1709103286266327,0.01866670697927475,0.509303629398346,0.20843340456485748,0.026568716391921043,0.5339256525039673,0.2527587413787842,0.044268056750297546
23.448276,0.5046454071998596,0.6098952293395996,3.598273394800344e-07,0.42354145646095276,0.2809782326221466,-0.049440156668424606,0.4404385983943939,0.217780202627182,0.005070894490927458,0.483642578125,0.16075602173805237,0.017966680228710175,0.5195873379707336,0.18518345057964325,0.017978467047214508,0.5477533936500549,0.22940880060195923,0.028104551136493683
23.62069,0.5140354037284851,0.6163625717163086,9.169394132868547e-08,0.4124012291431427,0.2633731961250305,-0.02491309493780136,0.43490973114967346,0.24218350648880005,0.011784836649894714,0.4639758765697479,0.2407175600528717,-0.011785919778048992,0.4981948137283325,0.22881612181663513,-0.006941055413335562,0.5293826460838318,0.22421912848949432,0.01610216125845909
23.793103,0.5182685852050781,0.5920209884643555,6.927660933797597e-08,0.41155460476875305,0.2569756805896759,-0.04116261005401611,0.4265226125717163,0.23670923709869385,-0.015919970348477364,0.463079571723938,0.25292760133743286,-0.026774464175105095,0.4954180121421814,0.2561739683151245,-0.017587652429938316,0.5293787121772766,0.22507348656654358,0.0036892974749207497
23.793103,0.517227053642273,0.5983579754829407,3.29775531326959e-08,0.41352081298828125,0.2526785135269165,-0.04487423598766327,0.42729562520980835,0.23756888508796692,-0.017620574682950974,0.46328794956207275,0.25845086574554443,-0.03158849850296974,0.49146148562431335,0.25972360372543335,-0.022820474579930305,0.5273965001106262,0.22840610146522522,0.001526553649455309
24.137931,0.5164746046066284,0.6164069771766663,3.6757901167305818e-09,0.41994261741638184,0.2700616121292114,-0.034015852957963943,0.42899852991104126,0.23734131455421448,-0.005810298025608063,0.4603111743927002,0.2497253715991974,-0.01109337992966175,0.48796647787094116,0.24119503796100616,-0.0023793180007487535,0.5220049023628235,0.2253216654062271,0.010879450477659702
24.310345,0.5147139430046082,0.6241436004638672,-3.739744869335482e-08,0.3992588222026825,0.2828112542629242,-0.018710961565375328,0.42623910307884216,0.23629797995090485,0.009786290116608143,0.46058231592178345,0.23347876965999603,6.0420494264690205e-05,0.49580761790275574,0.22152462601661682,0.005992412567138672,0.5295761227607727,0.22325026988983154,0.021008770912885666
24.482759,0.5126031637191772,0.6278955340385437,5.17318667903055e-08,0.3814636468887329,0.30488598346710205,-0.019722357392311096,0.4222228527069092,0.23859941959381104,0.008797136135399342,0.4530729055404663,0.2252284735441208,-0.0018828074680641294,0.4891343116760254,0.21238617599010468,0.00028583104722201824,0.5292158722877502,0.22530142962932587,0.01472190860658884
24.482759,0.5120161771774292,0.6281130313873291,6.674734009948224e-08,0.37464338541030884,0.30772778391838074,-0.022042816504836082,0.4184797704219818,0.23421059548854828,0.008129068650305271,0.44987577199935913,0.22032885253429413,-0.0009550458053126931,0.4882439970970154,0.20770971477031708,0.002418342512100935,0.5290927886962891,0.22505991160869598,0.01849665679037571
24.827586,0.5056639313697815,0.6302945613861084,1.08351144945118e-07,0.3295236825942993,0.3737731873989105,-0.04492069035768509,0.4207879602909088,0.20548121631145477,-0.03970817103981972,0.45988452434539795,0.17039848864078522,-0.029443806037306786,0.49744656682014465,0.1818406581878662,-0.02416590228676796,0.5311629176139832,0.2220960557460785,-0.017098715528845787
25.0,0.5055437684059143,0.6330908536911011,1.4080272592309484e-07,0.31797993183135986,0.40484294295310974,-0.06397812813520432,0.4204424023628235,0.1941559910774231,-0.059892959892749786,0.4596046805381775,0.1631220132112503,-0.0504986010491848,0.49499568343162537,0.17784953117370605,-0.047089118510484695,0.5287814140319824,0.22086693346500397,-0.04098924249410629
25.0,0.5049566626548767,0.6313772797584534,1.343164797162899e-07,0.31556540727615356,0.4095897972583771,-0.05822799354791641,0.4165157079696655,0.20470328629016876,-0.05444520711898804,0.45554837584495544,0.1704176813364029,-0.04710656777024269,0.49301910400390625,0.18264886736869812,-0.04302506521344185,0.5285430550575256,0.22231854498386383,-0.03578982129693031
25.344828,0.5008062720298767,0.6207185387611389,5.1824180502535455e-08,0.31809958815574646,0.4221903085708618,-0.08145023882389069,0.4108295738697052,0.2104550153017044,-0.08622830361127853,0.45750346779823303,0.18217326700687408,-0.07303722202777863,0.49371537566185,0.18740858137607574,-0.0644102394580841,0.5320581793785095,0.22484618425369263,-0.05654769018292427
25.517241,0.49705877900123596,0.6323896646499634,1.8761996400940006e-09,0.32075294852256775,0.4227747321128845,-0.07870057970285416,0.4069557189941406,0.23220473527908325,-0.08214046061038971,0.4442923665046692,0.20245897769927979,-0.07556013017892838,0.48231977224349976,0.19064109027385712,-0.06985493749380112,0.5222758054733276,0.22664672136306763,-0.06076803803443909
25.517241,0.4979521632194519,0.6233516931533813,-1.4556875704840877e-08,0.32041460275650024,0.4215244650840759,-0.08135910332202911,0.4086986482143402,0.2261333167552948,-0.08678726106882095,0.44533348083496094,0.20349368453025818,-0.07865861058235168,0.4848495423793793,0.19381096959114075,-0.07033310830593109,0.5242024660110474,0.2208329439163208,-0.06041213124990463
25.862069,0.49899038672447205,0.6212117671966553,2.294764378518721e-08,0.32500582933425903,0.42075076699256897,-0.07053788751363754,0.41630861163139343,0.21789731085300446,-0.06580019742250443,0.4547263979911804,0.19324389100074768,-0.06031423062086105,0.49064910411834717,0.19165749847888947,-0.05682592839002609,0.5302948951721191,0.2244255691766739,-0.049681250005960464
25.862069,0.5005186796188354,0.6152708530426025,1.9250517624413988e-08,0.324226438999176,0.4195331335067749,-0.08132509142160416,0.41232189536094666,0.2320256233215332,-0.08306796103715897,0.45184239745140076,0.20529206097126007,-0.07626346498727798,0.48893412947654724,0.20372208952903748,-0.07072355598211288,0.5297773480415344,0.2278573364019394,-0.06212526559829712
26.206897,0.5053979158401489,0.6111307740211487,3.7326465474052384e-08,0.33095431327819824,0.41784656047821045,-0.08117097616195679,0.41214311122894287,0.2270786315202713,-0.08039119839668274,0.4523703455924988,0.2029297649860382,-0.06922505050897598,0.4868968427181244,0.20737473666667938,-0.06150418147444725,0.5289854407310486,0.23024947941303253,-0.05394548177719116
26.37931,0.5122162699699402,0.5996545553207397,6.194162693873295e-08,0.33610743284225464,0.41605082154273987,-0.06465744227170944,0.41387343406677246,0.2207718789577484,-0.06129150465130806,0.45813602209091187,0.20772157609462738,-0.04881252720952034,0.4917338788509369,0.21051117777824402,-0.04060199484229088,0.5278763771057129,0.23366975784301758,-0.034875281155109406
26.551724,0.5173215270042419,0.6015377640724182,1.3917947683239618e-07,0.33519139885902405,0.4115262031555176,-0.054928164929151535,0.41660380363464355,0.2353290617465973,-0.04230654612183571,0.4595426917076111,0.2029796689748764,-0.03960398584604263,0.4945129454135895,0.20736192166805267,-0.03690915182232857,0.528484582901001,0.22970479726791382,-0.026463821530342102
26.551724,0.5168024897575378,0.6022372245788574,1.1226142504483505e-07,0.33615875244140625,0.4110346734523773,-0.06207789108157158,0.4132360816001892,0.23490114510059357,-0.05811366066336632,0.4594927132129669,0.20530159771442413,-0.0528542697429657,0.4951017498970032,0.2073056548833847,-0.04969398304820061,0.530811071395874,0.23211190104484558,-0.04103294014930725
26.896552,0.5181242823600769,0.6010910868644714,1.8910296262220072e-07,0.3347542881965637,0.4154200255870819,-0.051518261432647705,0.4153713285923004,0.2410278469324112,-0.0439801961183548,0.4568822383880615,0.2144709825515747,-0.04343954101204872,0.4935847818851471,0.21664494276046753,-0.04089483618736267,0.5291035771369934,0.23654942214488983,-0.032890837639570236
27.068966,0.5147692561149597,0.5959351062774658,1.2939496230046643e-07,0.334720253944397,0.42112553119659424,-0.05742909759283066,0.41364920139312744,0.24638915061950684,-0.053371332585811615,0.45523688197135925,0.22360369563102722,-0.053156010806560516,0.493833065032959,0.2284025102853775,-0.051764413714408875,0.5252746939659119,0.23836636543273926,-0.04558388516306877
27.241379,0.48694220185279846,0.4071955680847168,1.1795621190913153e-07,0.6711582541465759,0.576728880405426,-0.06930786371231079,0.5894681215286255,0.759080708026886,-0.07159338891506195,0.5465832948684692,0.7724843621253967,-0.06948575377464294,0.5088803768157959,0.766333818435669,-0.0643405169248581,0.4753040075302124,0.7608023881912231,-0.057833973318338394
27.241379,0.4871739447116852,0.40651652216911316,1.5405085207476077e-07,0.6735328435897827,0.5740171670913696,-0.06908086687326431,0.5889744758605957,0.7639843821525574,-0.07167745381593704,0.5432265996932983,0.7727379202842712,-0.06918042153120041,0.506951093673706,0.7690654993057251,-0.06484024226665497,0.47349706292152405,0.760387659072876,-0.05933649092912674
27.586207,0.48387542366981506,0.4034389555454254,2.59073100750129e-08,0.6691522002220154,0.5814182162284851,-0.06536559015512466,0.5902888178825378,0.7519847750663757,-0.064981609582901,0.5420585870742798,0.7568358778953552,-0.06417427957057953,0.505694568157196,0.7567545771598816,-0.059508971869945526,0.4765995740890503,0.7612969279289246,-0.050361268222332
27.758621,0.4851478934288025,0.40457162261009216,3.325013864241555e-08,0.6695102453231812,0.5828274488449097,-0.07200126349925995,0.5834118127822876,0.7464596033096313,-0.07752510905265808,0.5392410755157471,0.7550868988037109,-0.07982446998357773,0.504762589931488,0.7529131770133972,-0.071688212454319,0.47775986790657043,0.7633862495422363,-0.06161021813750267
27.758621,0.48466894030570984,0.4064606726169586,7.365358811739497e-08,0.6697714924812317,0.5849713087081909,-0.06795290857553482,0.5847532153129578,0.7480783462524414,-0.06784339249134064,0.5398228168487549,0.7563499212265015,-0.06784728169441223,0.5057828426361084,0.7569947242736816,-0.05939031392335892,0.47564733028411865,0.7621806859970093,-0.05094296857714653
28.103448,0.4815022647380829,0.40380698442459106,2.0448972293252154e-07,0.6714645624160767,0.5875070691108704,-0.06371737271547318,0.5845670104026794,0.7643757462501526,-0.05575231462717056,0.5396338105201721,0.7775380611419678,-0.0520794615149498,0.5049275755882263,0.7684474587440491,-0.04591431841254234,0.4767823815345764,0.762964129447937,-0.03895141929388046
28.275862,0.48111945390701294,0.40403875708580017,1.9830355313388282e-07,0.6739078164100647,0.5947667956352234,-0.06153544411063194,0.5833843350410461,0.7745768427848816,-0.04276474192738533,0.5371503829956055,0.7791128754615784,-0.04805557802319527,0.5037906169891357,0.7722038626670837,-0.04543513059616089,0.47726917266845703,0.7660265564918518,-0.03450636565685272
28.275862,0.48244112730026245,0.40727582573890686,1.5692407373535389e-07,0.6735326051712036,0.5972284078598022,-0.07291953265666962,0.5858842730522156,0.7678555846214294,-0.061616938561201096,0.5403041839599609,0.773152232170105,-0.06948921084403992,0.5049763917922974,0.7659164071083069,-0.06374411284923553,0.4804587960243225,0.7648700475692749,-0.049527671188116074
28.62069,0.48053380846977234,0.4119797348976135,1.6515140544015594e-07,0.6741651296615601,0.5984432697296143,-0.05763804167509079,0.5821239352226257,0.774957001209259,-0.038210589438676834,0.5401342511177063,0.7758411765098572,-0.04150461405515671,0.5084624886512756,0.7643938064575195,-0.03672020509839058,0.48382213711738586,0.7647585868835449,-0.02307308092713356
28.62069,0.4805973172187805,0.4121926426887512,1.5141382903038902e-07,0.6735072135925293,0.5981996059417725,-0.06481325626373291,0.587232768535614,0.7772016525268555,-0.04540684446692467,0.5445171594619751,0.7810137271881104,-0.04688699543476105,0.5125539898872375,0.7690399289131165,-0.041939329355955124,0.4841638207435608,0.7629138231277466,-0.028566857799887657
28.965517,0.48407599329948425,0.4143293797969818,5.9325163448420426e-08,0.6770907044410706,0.6057041883468628,-0.05097585171461105,0.5855058431625366,0.7749629616737366,-0.020856982097029686,0.5486705303192139,0.7801092863082886,-0.015379359945654869,0.5149153470993042,0.7670327425003052,9.614458394935355e-05,0.4815073609352112,0.7657011151313782,0.01707649976015091
29.137931,0.48432475328445435,0.4109402894973755,3.676624871218337e-08,0.6768456101417542,0.6024755835533142,-0.05952570214867592,0.5828161835670471,0.7770512700080872,-0.038869552314281464,0.5404043793678284,0.7790819406509399,-0.031251393258571625,0.5076858997344971,0.7660579085350037,-0.01919553242623806,0.4752630591392517,0.7609802484512329,-0.006376082543283701
29.310345,0.4806697368621826,0.4143182933330536,1.5883524895343726e-07,0.6774561405181885,0.601055920124054,-0.05923911929130554,0.57924485206604,0.7973970174789429,-0.03889221325516701,0.5378678441047668,0.7922902703285217,-0.03318068012595177,0.5045241713523865,0.7765589356422424,-0.020349707454442978,0.47643446922302246,0.7703033089637756,-0.0053432416170835495
29.310345,0.48004400730133057,0.4151671826839447,1.1314573100662528e-07,0.6771170496940613,0.6014401316642761,-0.053045567125082016,0.5846778750419617,0.7915290594100952,-0.03685884177684784,0.5446503758430481,0.792271614074707,-0.03242336958646774,0.5094004273414612,0.7756437063217163,-0.022685054689645767,0.479703426361084,0.7710459232330322,-0.008586189709603786
29.655172,0.47482985258102417,0.4336080253124237,1.8938897028419888e-07,0.6788463592529297,0.6040919423103333,-0.044373851269483566,0.5755856037139893,0.7818195819854736,-0.024908829480409622,0.5307417511940002,0.7962193489074707,-0.022867921739816666,0.49043649435043335,0.7748834490776062,-0.014161383733153343,0.4664459824562073,0.7673527598381042,0.0011531978379935026
29.827586,0.47312211990356445,0.43839216232299805,1.797554887161823e-07,0.6729608774185181,0.6036171317100525,-0.04623222351074219,0.5704611539840698,0.7781253457069397,-0.034885555505752563,0.5234838724136353,0.7937231063842773,-0.03105659782886505,0.4868335723876953,0.7729732394218445,-0.027237292379140854,0.46314361691474915,0.7670149803161621,-0.014831854961812496
30.0,0.4717017710208893,0.4500631093978882,1.8404793422632792e-07,0.6750304698944092,0.60683274269104,-0.05042992904782295,0.5758926868438721,0.7898229956626892,-0.03619661554694176,0.5281013250350952,0.793186366558075,-0.03090045228600502,0.4933721125125885,0.7797102332115173,-0.024715537205338478,0.4698506295681,0.7756187915802002,-0.011597195640206337
30.0,0.4734913408756256,0.44604501128196716,1.8396025325273513e-07,0.6755944490432739,0.6057712435722351,-0.058846112340688705,0.5754404664039612,0.789271891117096,-0.0493878610432148,0.5275124311447144,0.7910442352294922,-0.0440751276910305,0.4929685592651367,0.776231586933136,-0.03688991442322731,0.46773144602775574,0.7730052471160889,-0.024276459589600563
30.344828,0.4727453589439392,0.45892757177352905,2.13396646131514e-07,0.6749371290206909,0.6061468124389648,-0.056478556245565414,0.5794239044189453,0.7952457666397095,-0.04534735530614853,0.5275482535362244,0.7974117994308472,-0.040002621710300446,0.49519434571266174,0.7853652238845825,-0.03264143317937851,0.47311365604400635,0.7761833667755127,-0.01834748312830925
30.517241,0.47436296939849854,0.4651392996311188,2.2770691998630355e-07,0.675111711025238,0.6066634654998779,-0.052535898983478546,0.5790741443634033,0.7981069087982178,-0.03637294843792915,0.5305337309837341,0.8080480098724365,-0.02957625314593315,0.49521493911743164,0.7891135215759277,-0.024435386061668396,0.47300875186920166,0.774880588054657,-0.011532940901815891
30.517241,0.47341665625572205,0.46250301599502563,2.407637964552123e-07,0.6742025017738342,0.6053112745285034,-0.050545670092105865,0.5794185996055603,0.7985504865646362,-0.032530561089515686,0.5299376845359802,0.8089280724525452,-0.024472424760460854,0.49682191014289856,0.7931286692619324,-0.019624508917331696,0.47250840067863464,0.7796132564544678,-0.007079204078763723
30.862069,0.47771963477134705,0.4824971556663513,2.0330747929619974e-07,0.6782878637313843,0.6064022779464722,-0.06332102417945862,0.5673366189002991,0.7980915904045105,-0.051658257842063904,0.5200357437133789,0.8006649613380432,-0.0379333421587944,0.4879918694496155,0.7784851789474487,-0.029241083189845085,0.46560725569725037,0.7628873586654663,-0.01733093149960041
31.034483,0.4761921167373657,0.48218631744384766,2.213558474295496e-07,0.6784918308258057,0.6072493195533752,-0.05616948381066322,0.5608271360397339,0.7914552688598633,-0.043081093579530716,0.5190728306770325,0.7995152473449707,-0.035950180143117905,0.48549380898475647,0.7772035598754883,-0.02437036857008934,0.4654395282268524,0.7670350670814514,-0.0074629830196499825
31.034483,0.4729347825050354,0.48420998454093933,2.012617272839634e-07,0.677885890007019,0.6041472554206848,-0.05348537117242813,0.5565499067306519,0.791885495185852,-0.03815533593297005,0.5189074277877808,0.7994880676269531,-0.032122474163770676,0.48758986592292786,0.7767848968505859,-0.020222840830683708,0.466852068901062,0.766586422920227,-0.0029700235463678837
31.37931,0.477018266916275,0.481492817401886,2.2422621270834497e-07,0.6785221695899963,0.6092173457145691,-0.04145804047584534,0.554135262966156,0.7933437824249268,-0.02480851113796234,0.5174205303192139,0.8039640188217163,-0.018824787810444832,0.4871085286140442,0.7855648398399353,-0.008498815819621086,0.46682894229888916,0.7710062861442566,0.007446931675076485
31.37931,0.4755997061729431,0.477386474609375,2.08165687354267e-07,0.6784522533416748,0.6088425517082214,-0.04321885108947754,0.5553883910179138,0.7859976291656494,-0.031733617186546326,0.5172327756881714,0.8004869222640991,-0.02598719298839569,0.4831433594226837,0.778540849685669,-0.01590401493012905,0.4605693519115448,0.765815258026123,0.0024340401869267225
31.724138,0.47288763523101807,0.4836081266403198,2.1991898790929554e-07,0.6782757639884949,0.6115350127220154,-0.034438684582710266,0.5595290660858154,0.7883273363113403,-0.008874635212123394,0.5180677771568298,0.8009074330329895,-0.008920501917600632,0.4813045263290405,0.7811607122421265,-0.0013324819738045335,0.4585799276828766,0.7676700949668884,0.01859830506145954
31.896552,0.4752979874610901,0.4879871606826782,2.8631970394599193e-07,0.6789335012435913,0.6131682395935059,-0.027503252029418945,0.5582645535469055,0.789351761341095,0.005159162916243076,0.5178379416465759,0.8041381239891052,0.007588713895529509,0.4853332042694092,0.7850005626678467,0.013511313125491142,0.46303123235702515,0.7694311738014221,0.03303182125091553
32.068966,0.4727080166339874,0.4820193946361542,2.3124685810671508e-07,0.6778274774551392,0.6107342839241028,-0.023481406271457672,0.5564257502555847,0.7861114144325256,-0.004261647816747427,0.5177809000015259,0.8006192445755005,-0.0022807514760643244,0.4854828715324402,0.7821663618087769,0.004565075505524874,0.46716248989105225,0.7737637758255005,0.024025175720453262
32.068966,0.4742032289505005,0.48197484016418457,3.37879470180269e-07,0.6788736581802368,0.6107285022735596,-0.027328111231327057,0.5603517293930054,0.7894448637962341,0.006875903345644474,0.5208755731582642,0.8102831840515137,0.010743055492639542,0.48718300461769104,0.7913564443588257,0.018700087442994118,0.4675942659378052,0.7704742550849915,0.03673253953456879
32.413793,0.4755401313304901,0.4851696491241455,3.142405944345228e-07,0.6781919598579407,0.6109853386878967,-0.04607859253883362,0.5559597611427307,0.7903581857681274,-0.01963057555258274,0.5172258615493774,0.8049606084823608,-0.012457282282412052,0.48628515005111694,0.786872148513794,-0.003155693644657731,0.46565699577331543,0.7715883851051331,0.011912161484360695
32.586207,0.4772171080112457,0.48999762535095215,2.4650296381878434e-07,0.6792736053466797,0.6076366901397705,-0.047139450907707214,0.5529069900512695,0.7936977744102478,-0.024254245683550835,0.516575276851654,0.8049402236938477,-0.01907123439013958,0.48776936531066895,0.7850694060325623,-0.007688869722187519,0.4697149991989136,0.7678665518760681,0.008349922485649586
32.758621,0.48389732837677,0.4824596047401428,1.9448611965344753e-07,0.6812199354171753,0.6070061326026917,-0.051376182585954666,0.5603321194648743,0.789398193359375,-0.03850330039858818,0.5191103219985962,0.8013923168182373,-0.031897928565740585,0.4873470067977905,0.7770851850509644,-0.025507131591439247,0.46847495436668396,0.7638955116271973,-0.014465069398283958
32.758621,0.48589086532592773,0.4939347505569458,1.5450281409812305e-07,0.6798055171966553,0.6063985228538513,-0.05032872408628464,0.5668911933898926,0.7845548391342163,-0.042324524372816086,0.5206067562103271,0.8056443929672241,-0.031844329088926315,0.48685961961746216,0.7836771011352539,-0.026798615232110023,0.4657236635684967,0.7667014598846436,-0.016677631065249443
33.103448,0.47906172275543213,0.4798228144645691,2.464504689214664e-07,0.6793251037597656,0.6084023714065552,-0.05198844522237778,0.5563859939575195,0.7908658981323242,-0.03771406039595604,0.5166981220245361,0.8108741044998169,-0.03072744607925415,0.48446574807167053,0.7848575115203857,-0.023114362731575966,0.4651421308517456,0.7656198143959045,-0.007823648862540722
33.275862,0.47952625155448914,0.4683399796485901,3.272323851888359e-07,0.6818040609359741,0.60677170753479,-0.043656330555677414,0.5560125112533569,0.7954447865486145,-0.0154045345261693,0.5192732214927673,0.8118595480918884,-0.013786552473902702,0.4902188181877136,0.7905770540237427,-0.004536753054708242,0.46853968501091003,0.7735126614570618,0.013558192178606987
33.275862,0.48256248235702515,0.47970980405807495,2.3206975185985357e-07,0.6790633201599121,0.6067851185798645,-0.05997464805841446,0.5594694018363953,0.7924532890319824,-0.04932203143835068,0.5206878781318665,0.8068766593933105,-0.0418303981423378,0.4879615902900696,0.784020185470581,-0.033341243863105774,0.46712788939476013,0.7662085294723511,-0.020341139286756516
33.62069,0.4803183376789093,0.47751739621162415,2.8772228688467294e-07,0.6814263463020325,0.5985469818115234,-0.04926751181483269,0.5613013505935669,0.7932599186897278,-0.032512497156858444,0.5203784704208374,0.8122352361679077,-0.022907579317688942,0.48896366357803345,0.7899286150932312,-0.014463767409324646,0.46801891922950745,0.7651454210281372,-0.00032248403294943273
33.793103,0.4838942289352417,0.4599291682243347,3.106568726707337e-07,0.6819113492965698,0.6024802327156067,-0.03214374929666519,0.5579515099525452,0.8016541004180908,-0.0121624656021595,0.5173741579055786,0.8218772411346436,-0.011582992039620876,0.48545193672180176,0.7983740568161011,-0.006499719340354204,0.467352032661438,0.7733732461929321,0.01167844608426094
33.793103,0.4816957712173462,0.45109593868255615,3.194014652763144e-07,0.683405876159668,0.6038439273834229,-0.03635469824075699,0.5573325157165527,0.797989010810852,-0.012621329165995121,0.5170083045959473,0.8189481496810913,-0.013638165779411793,0.4857035279273987,0.7964723110198975,-0.0069172317162156105,0.46459588408470154,0.7751340270042419,0.013431884348392487
34.137931,0.48699384927749634,0.43422815203666687,3.3854743719530234e-07,0.6853853464126587,0.6015253067016602,-0.028167322278022766,0.574515163898468,0.7970094084739685,0.005592338275164366,0.5196126103401184,0.8376222252845764,0.004255492240190506,0.4834763705730438,0.825171709060669,0.004109129775315523,0.46505609154701233,0.7884011268615723,0.017368104308843613
34.137931,0.485388845205307,0.4301563501358032,2.7955510972788034e-07,0.6846181154251099,0.6050751805305481,-0.03478815034031868,0.5740745067596436,0.788983166217804,-0.006336664780974388,0.5255350470542908,0.8180800676345825,-0.00898660533130169,0.4853830933570862,0.8166311979293823,-0.006363349035382271,0.46413102746009827,0.788066565990448,0.010802225209772587
34.482759,0.4881053864955902,0.4171946048736572,3.2148517448149505e-07,0.6749359369277954,0.5992061495780945,-0.03659092262387276,0.5727342367172241,0.7948536276817322,-0.021608266979455948,0.5224114656448364,0.8549638986587524,-0.012610325589776039,0.48759812116622925,0.8400735855102539,-0.012690494768321514,0.46440836787223816,0.7795953750610352,0.00048642835463397205
34.655172,0.45995059609413147,0.38712331652641296,3.442676472786843e-07,0.607877790927887,0.5833801627159119,-0.0810496062040329,0.5334041714668274,0.7913601994514465,-0.08038464188575745,0.4930158853530884,0.8332734107971191,-0.07341564446687698,0.45691660046577454,0.8093875050544739,-0.06663062423467636,0.43295931816101074,0.7537197470664978,-0.0578191839158535
34.827586,0.3846096396446228,0.32161152362823486,4.669924180689122e-08,0.4861733913421631,0.5358573794364929,-0.05613018572330475,0.42474186420440674,0.6010956764221191,-0.03835882991552353,0.3952842056751251,0.6036857962608337,-0.0349474735558033,0.37124112248420715,0.5908199548721313,-0.032373759895563126,0.3523343503475189,0.5788751840591431,-0.026808103546500206
34.827586,0.36997148394584656,0.30266138911247253,5.4883305011799166e-08,0.4535142779350281,0.5280706882476807,-0.04576960578560829,0.3996993899345398,0.5970661640167236,-0.026876049116253853,0.36919209361076355,0.5917777419090271,-0.025278735905885696,0.34514594078063965,0.6002450585365295,-0.017111029475927353,0.31803613901138306,0.6081700325012207,-0.009497769176959991
35.172414,0.2984027862548828,0.28608062863349915,5.632952024825499e-07,0.23895925283432007,0.5520309805870056,-0.056222300976514816,0.23901809751987457,0.6100381016731262,0.026787668466567993,0.23180674016475677,0.5830752849578857,0.06082944944500923,0.22547578811645508,0.5386219620704651,0.07599259167909622,0.21716731786727905,0.4958322048187256,0.08991746604442596
35.344828,0.3001464307308197,0.2907210886478424,5.32838100752997e-07,0.21870483458042145,0.5699957013130188,-0.03854544833302498,0.23301962018013,0.6035338640213013,0.04362604767084122,0.2214689552783966,0.5649388432502747,0.06382348388433456,0.21204181015491486,0.5052093267440796,0.07079126685857773,0.19959211349487305,0.46721094846725464,0.08716971427202225
35.517241,0.31588906049728394,0.2700614929199219,6.540075787597743e-07,0.2023017853498459,0.6044943928718567,-0.021139616146683693,0.2197883576154709,0.6122557520866394,0.0857182964682579,0.21569009125232697,0.5812975764274597,0.11875230818986893,0.2128458023071289,0.5280994772911072,0.12834927439689636,0.20568588376045227,0.4861437678337097,0.14486193656921387
35.517241,0.3186843991279602,0.2805265188217163,7.55338589897292e-07,0.19955188035964966,0.6110823750495911,-0.02449999935925007,0.21136952936649323,0.6042394638061523,0.08856887370347977,0.20263032615184784,0.5676202774047852,0.11782124638557434,0.2031303495168686,0.5040476322174072,0.12473619729280472,0.19975918531417847,0.47034719586372375,0.14366470277309418
35.862069,0.3158320486545563,0.3464447259902954,6.006971489114221e-07,0.1715376079082489,0.597741961479187,-0.020360184833407402,0.2158065289258957,0.577984094619751,0.08421624451875687,0.21927200257778168,0.5248847603797913,0.08598034083843231,0.22270740568637848,0.48562970757484436,0.09712881594896317,0.22582292556762695,0.47041115164756775,0.1304737627506256
36.034483,0.311800479888916,0.3412759304046631,5.609965683106566e-07,0.17361557483673096,0.6006860733032227,-0.02815152518451214,0.2156863808631897,0.5470486879348755,0.06594570726156235,0.2324560433626175,0.4821433126926422,0.05432463064789772,0.23503586649894714,0.4558139741420746,0.07055587321519852,0.2370804399251938,0.4486856758594513,0.11145592480897903
36.206897,0.308125764131546,0.343068927526474,5.646233489642327e-07,0.17393673956394196,0.5992825031280518,-0.025560744106769562,0.22193220257759094,0.5772194862365723,0.07987037301063538,0.23692236840724945,0.5076011419296265,0.06804894655942917,0.24170976877212524,0.47660428285598755,0.0861084833741188,0.24224744737148285,0.46954208612442017,0.12823645770549774
36.37931,0.30446285009384155,0.34700486063957214,5.498825430549914e-07,0.1720171421766281,0.6007639765739441,-0.021291373297572136,0.2273939698934555,0.566425085067749,0.08509773015975952,0.24166370928287506,0.4930500090122223,0.06497765332460403,0.2465697079896927,0.46462827920913696,0.0796506479382515,0.24687351286411285,0.46184349060058594,0.12645946443080902
36.551724,0.30239391326904297,0.34917426109313965,6.184963581290503e-07,0.17490068078041077,0.598135232925415,-0.02481607347726822,0.22191764414310455,0.5851094722747803,0.07158168405294418,0.220078244805336,0.5193397402763367,0.06442023068666458,0.2237778604030609,0.48703595995903015,0.07540003955364227,0.22318068146705627,0.47893664240837097,0.11042004823684692
36.724138,0.3014478087425232,0.3487430810928345,6.449486704696028e-07,0.17465709149837494,0.5990750193595886,-0.025785306468605995,0.21554072201251984,0.5871989727020264,0.06678877770900726,0.2135685384273529,0.5200239419937134,0.05717014893889427,0.2165093570947647,0.4862866997718811,0.0686994194984436,0.2121950387954712,0.47347143292427063,0.10433494299650192
37.068966,0.32147085666656494,0.3452876806259155,7.990363428689307e-07,0.16815508902072906,0.5948715806007385,-0.019440816715359688,0.18637999892234802,0.5816619396209717,0.0966317430138588,0.19269785284996033,0.5460543632507324,0.12543566524982452,0.20571094751358032,0.4991821050643921,0.13270586729049683,0.21490247547626495,0.4763496220111847,0.1507439911365509
38.62069,0.555116593837738,-0.04064711183309555,-1.860853693358422e-08,0.636574387550354,0.042388107627630234,-0.012619109824299812,0.6556994915008545,0.12938028573989868,-0.02552730403840542,0.6476814150810242,0.17207331955432892,-0.029385050758719444,0.6241403818130493,0.18450775742530823,-0.030789367854595184,0.5936523675918579,0.16898195445537567,-0.02702776901423931
38.793103,0.5571021437644958,-0.03670762479305267,-3.8941401214742655e-08,0.6218390464782715,0.06546558439731598,-0.011369425803422928,0.650836169719696,0.14762821793556213,-0.0303039513528347,0.640293300151825,0.17948457598686218,-0.03548464924097061,0.6188913583755493,0.18512719869613647,-0.03874354809522629,0.5910962224006653,0.1692143678665161,-0.037259142845869064
38.965517
39.137931
39.310345
39.482759
39.827586
41.37931
41.551724
41.724138
41.896552
42.068966
42.241379
42.586207
44.137931
44.310345
44.482759
44.655172
44.827586
45.0
45.344828
46.896552
47.068966
47.068966
47.413793
47.586207
47.586207
47.931034
47.931034
48.275862
48.448276
48.62069
48.62069
48.965517
49.137931
49.310345
49.310345
49.655172
49.827586
49.827586
50.172414
50.344828
50.344828
50.689655
50.689655
51.034483
51.206897
51.37931
51.37931
51.724138
51.896552
52.068966
52.068966
52.413793
52.586207
52.586207
52.931034
53.103448
53.103448
53.448276
53.448276
53.793103
53.965517
54.137931
54.137931
54.482759
54.655172
54.827586
54.827586
55.172414
55.344828
55.344828
55.689655
55.862069
55.862069
56.206897
56.206897
56.551724
56.724138
56.896552
56.896552
57.241379
57.413793
57.586207
57.586207
